URL,目录,重复率,暗示评分,质量等级,发布日期
https://www.dongao.com/cma/cjcx/202506104565897.html,www.dongao.com/cma/cjcx,33.33%,3,差,来源：东奥会计在线责编：zhangfan2025-06-10  13:24:09
https://www.dongao.com/cjks/cf/202506134567194.html,www.dongao.com/cjks/cf,66.67%,3,极差,来源：东奥会计在线责编：张梦2025-06-13  14:02:27
https://www.dongao.com/cjks/cf/202506134565191.html,www.dongao.com/cjks/cf,33.33%,3,差,来源：东奥会计在线责编：刘雪晶2025-06-13  09:52:16
https://www.dongao.com/cma/cjcx/202506134566576.html,www.dongao.com/cma/cjcx,33.33%,3,差,来源：东奥会计在线责编：zhangfan2025-06-13  10:41:09
https://www.dongao.com/cma/cjcx/202506104565898.html,www.dongao.com/cma/cjcx,33.33%,3,差,来源：东奥会计在线责编：zhangfan2025-06-10  13:25:06
https://www.dongao.com/acca/bm/202506124566578.html,www.dongao.com/acca/bm,33.33%,3,差,来源：东奥会计在线责编：zhangfan2025-06-12  10:47:25
https://www.dongao.com/cjks/cf/202506124565195.html,www.dongao.com/cjks/cf,33.33%,7,差,来源：东奥会计在线责编：刘雪晶2025-06-12  09:56:17
https://www.dongao.com/cjks/bm/202506124565205.html,www.dongao.com/cjks/bm,33.33%,7,差,来源：东奥会计在线责编：刘雪晶2025-06-12  09:53:55
https://www.dongao.com/cjks/cf/202506104566080.html,www.dongao.com/cjks/cf,75.00%,3,极差,来源：东奥会计在线责编：张梦2025-06-10  17:02:56
https://www.dongao.com/cjks/cf/202506094565617.html,www.dongao.com/cjks/cf,57.14%,3,差,来源：东奥会计在线责编：张丽娜2025-06-09  16:03:50
https://www.dongao.com/cjks/bm/202506104563289.html,www.dongao.com/cjks/bm,50.00%,7,极差,来源：东奥会计在线责编：刘雪晶2025-06-10  09:48:44
https://www.dongao.com/cjks/cf/202506094565643.html,www.dongao.com/cjks/cf,25.00%,3,良,来源：东奥会计在线责编：张梦2025-06-09  17:05:33
https://www.dongao.com/gaoji/baoming/202506114566452.html,www.dongao.com/gaoji/baoming,18.18%,3,良,来源：东奥会计在线责编：韩艺2025-06-11  15:41:57
