URL,目录,暗示评分,标准化评分,质量等级,发布日期
https://www.dongao.com/cjks/cf/202506134566198.html,www.dongao.com/cjks/cf,3,70.00,优,来源：东奥会计在线责编：刘雪晶2025-06-13  09:26:04
https://www.dongao.com/cma/cjcx/202506124566432.html,www.dongao.com/cma/cjcx,3,70.00,优,来源：东奥会计在线责编：zhangfan2025-06-12  10:46:11
https://www.dongao.com/acca/bm/202506114566218.html,www.dongao.com/acca/bm,3,70.00,优,来源：东奥会计在线责编：zhangfan2025-06-11  11:30:03
https://www.dongao.com/cjks/cf/202506134565193.html,www.dongao.com/cjks/cf,7,30.00,良,来源：东奥会计在线责编：刘雪晶2025-06-13  09:50:54
https://www.dongao.com/cma/cjcx/202506104565897.html,www.dongao.com/cma/cjcx,3,70.00,差,来源：东奥会计在线责编：zhangfan2025-06-10  13:24:09
https://www.dongao.com/cjks/cf/202506134567194.html,www.dongao.com/cjks/cf,3,70.00,极差,来源：东奥会计在线责编：张梦2025-06-13  14:02:27
https://www.dongao.com/cjks/cf/202506134565191.html,www.dongao.com/cjks/cf,3,70.00,差,来源：东奥会计在线责编：刘雪晶2025-06-13  09:52:16
https://www.dongao.com/cjks/cf/202506124565189.html,www.dongao.com/cjks/cf,7,30.00,良,来源：东奥会计在线责编：刘雪晶2025-06-12  09:54:12
https://www.dongao.com/cjks/cf/202506124565190.html,www.dongao.com/cjks/cf,3,70.00,优,来源：东奥会计在线责编：刘雪晶2025-06-12  09:24:56
https://www.dongao.com/cma/cjcx/202506134566576.html,www.dongao.com/cma/cjcx,3,70.00,差,来源：东奥会计在线责编：zhangfan2025-06-13  10:41:09
https://www.dongao.com/cma/cjcx/202506104565898.html,www.dongao.com/cma/cjcx,3,70.00,差,来源：东奥会计在线责编：zhangfan2025-06-10  13:25:06
https://www.dongao.com/cjks/bm/202506134565200.html,www.dongao.com/cjks/bm,7,30.00,良,来源：东奥会计在线责编：刘雪晶2025-06-13  09:50:03
https://www.dongao.com/acca/bm/202506124566578.html,www.dongao.com/acca/bm,3,70.00,差,来源：东奥会计在线责编：zhangfan2025-06-12  10:47:25
https://www.dongao.com/cjks/bm/202506134566160.html,www.dongao.com/cjks/bm,5,50.00,优,来源：东奥会计在线责编：刘雪晶2025-06-13  09:48:54
https://www.dongao.com/cma/cjcx/202506114566237.html,www.dongao.com/cma/cjcx,3,70.00,优,来源：东奥会计在线责编：zhangfan2025-06-11  11:26:49
https://www.dongao.com/cjks/cf/202506124563308.html,www.dongao.com/cjks/cf,3,70.00,优,来源：东奥会计在线责编：刘雪晶2025-06-12  09:54:30
https://www.dongao.com/cjks/bm/202506124566711.html,www.dongao.com/cjks/bm,3,70.00,优,来源：东奥会计在线责编：张梦2025-06-12  14:42:04
https://www.dongao.com/cjks/cf/202506124565195.html,www.dongao.com/cjks/cf,7,30.00,差,来源：东奥会计在线责编：刘雪晶2025-06-12  09:56:17
https://www.dongao.com/cjks/hgz/202506114563311.html,www.dongao.com/cjks/hgz,7,30.00,良,来源：东奥会计在线责编：刘雪晶2025-06-11  09:31:09
https://www.dongao.com/cjks/cf/202506124565194.html,www.dongao.com/cjks/cf,3,70.00,优,来源：东奥会计在线责编：刘雪晶2025-06-12  09:56:05
https://www.dongao.com/cjks/cf/202506124565196.html,www.dongao.com/cjks/cf,3,70.00,优,来源：东奥会计在线责编：刘雪晶2025-06-12  09:56:28
https://www.dongao.com/cjks/bm/202506124565205.html,www.dongao.com/cjks/bm,7,30.00,差,来源：东奥会计在线责编：刘雪晶2025-06-12  09:53:55
https://www.dongao.com/cjks/cf/202506104565895.html,www.dongao.com/cjks/cf,5,50.00,良,来源：东奥会计在线责编：张梦2025-06-10  14:27:43
https://www.dongao.com/cjks/hgz/202506114563312.html,www.dongao.com/cjks/hgz,3,70.00,优,来源：东奥会计在线责编：刘雪晶2025-06-11  09:30:53
https://www.dongao.com/cjks/bm/202506114566320.html,www.dongao.com/cjks/bm,7,30.00,良,来源：东奥会计在线责编：张梦2025-06-11  14:18:38
https://www.dongao.com/cjks/cf/202506114563315.html,www.dongao.com/cjks/cf,7,30.00,良,来源：东奥会计在线责编：刘雪晶2025-06-11  09:28:27
https://www.dongao.com/cjks/cf/202506104566080.html,www.dongao.com/cjks/cf,3,70.00,极差,来源：东奥会计在线责编：张梦2025-06-10  17:02:56
https://www.dongao.com/cjks/cf/202506104563297.html,www.dongao.com/cjks/cf,3,70.00,优,来源：东奥会计在线责编：刘雪晶2025-06-10  09:33:10
https://www.dongao.com/cjks/cf/202506104563296.html,www.dongao.com/cjks/cf,7,30.00,良,来源：东奥会计在线责编：刘雪晶2025-06-10  09:46:53
https://www.dongao.com/cjks/cf/202506104566055.html,www.dongao.com/cjks/cf,7,30.00,良,来源：东奥会计在线责编：张梦2025-06-10  16:30:09
https://www.dongao.com/cjks/cf/202506104563307.html,www.dongao.com/cjks/cf,3,70.00,优,来源：东奥会计在线责编：刘雪晶2025-06-10  09:46:27
https://www.dongao.com/cjks/cf/202506094565617.html,www.dongao.com/cjks/cf,3,70.00,差,来源：东奥会计在线责编：张丽娜2025-06-09  16:03:50
https://www.dongao.com/cjks/bm/202506104563289.html,www.dongao.com/cjks/bm,7,30.00,极差,来源：东奥会计在线责编：刘雪晶2025-06-10  09:48:44
https://www.dongao.com/cjks/cf/202506104563314.html,www.dongao.com/cjks/cf,7,30.00,良,来源：东奥会计在线责编：刘雪晶2025-06-10  09:46:01
https://www.dongao.com/cjks/bm/202506104563324.html,www.dongao.com/cjks/bm,3,70.00,优,来源：东奥会计在线责编：刘雪晶2025-06-10  09:47:12
https://www.dongao.com/cjks/bm/202506104563288.html,www.dongao.com/cjks/bm,7,30.00,良,来源：东奥会计在线责编：刘雪晶2025-06-10  09:48:27
https://www.dongao.com/cjks/bm/202506104563287.html,www.dongao.com/cjks/bm,3,70.00,优,来源：东奥会计在线责编：刘雪晶2025-06-10  09:47:30
https://www.dongao.com/cjks/cf/202506094565305.html,www.dongao.com/cjks/cf,5,50.00,良,来源：东奥会计在线责编：张梦2025-06-09  13:41:54
https://www.dongao.com/cjks/cf/202506094565643.html,www.dongao.com/cjks/cf,3,70.00,良,来源：东奥会计在线责编：张梦2025-06-09  17:05:33
https://www.dongao.com/cjks/cf/202506094565386.html,www.dongao.com/cjks/cf,3,70.00,优,来源：东奥会计在线责编：张梦2025-06-09  14:42:23
https://www.dongao.com/cjks/cf/202506094565519.html,www.dongao.com/cjks/cf,3,70.00,优,来源：东奥会计在线责编：张梦2025-06-09  15:05:01
https://www.dongao.com/cjks/bm/202506094563286.html,www.dongao.com/cjks/bm,3,70.00,优,来源：东奥会计在线责编：刘雪晶2025-06-09  10:03:41
https://www.dongao.com/cjks/bm/202506094565651.html,www.dongao.com/cjks/bm,3,70.00,优,来源：东奥会计在线责编：张丽娜2025-06-09  17:23:55
https://www.dongao.com/cjks/cf/202506094565512.html,www.dongao.com/cjks/cf,3,70.00,优,来源：东奥会计在线责编：张丽娜2025-06-09  15:48:55
https://www.dongao.com/cjks/bm/202506094562326.html,www.dongao.com/cjks/bm,3,70.00,优,来源：东奥会计在线责编：刘雪晶2025-06-09  10:13:30
https://www.dongao.com/gaoji/chengjichaxun/202506114566435.html,www.dongao.com/gaoji/chengjichaxun,3,70.00,优,来源：东奥会计在线责编：韩艺2025-06-11  15:18:33
https://www.dongao.com/cjks/bm/202506094562325.html,www.dongao.com/cjks/bm,3,70.00,优,来源：东奥会计在线责编：刘雪晶2025-06-09  10:13:17
https://www.dongao.com/gaoji/baoming/202506114566490.html,www.dongao.com/gaoji/baoming,3,70.00,优,来源：东奥会计在线责编：韩艺2025-06-11  16:27:31
https://www.dongao.com/gaoji/baoming/202506114566452.html,www.dongao.com/gaoji/baoming,3,70.00,良,来源：东奥会计在线责编：韩艺2025-06-11  15:41:57
